week,winner_team,winner_score,winner_rank,loser_team,loser_score,loser_rank
1,Florida,24,8,Miami (Fla.),20,
1,Hawaii,45,,Arizona,38,
1,Buffalo,38,,Robert Morris,10,
1,Cincinnati,24,,UCLA,14,
1,Bowling Green,46,,Morgan State,3,
1,UConn,24,,Wagner,21,
1,Charlotte,49,,Gardner-Webb,28,
1,Central Ark.,35,,Western Ky.,28,
1,UCF,62,17,Florida A&M,0,
1,Tulane,42,,FIU,14,
1,UAB,24,,Alabama State,19,
1,Central Mich.,38,,Albany,21,
1,Clemson,52,1,Georgia Tech,14,
1,Texas A&M,41,12,Texas State,7,
1,Minnesota,28,,South Dakota St.,21,
1,Arizona St.,30,,Kent State,7,
1,San Jose State,35,,Northern Colo.,18,
1,Utah,30,14,BYU,12,
1,Army West Point,14,,Rice,7,
1,Mich. St. ,28,18,Tulsa,7,
1,Wisconsin,49,19,South Florida,0,
1,Rutgers,48,,Massachusetts,21,
1,Wake Forest,38,,Utah State,35,
1,Nevada,34,,Purdue,31,
1,Colorado,52,,Colorado State,31,
1,Oklahoma State,52,,Oregon St.,36,
1,NC State,34,,East Carolina,6,
1,Kansas,24,,Indiana State,17,
1,Memphis,15,,Ole Miss,10,
1,Mississippi St.,38,,Louisiana,28,
1,Indiana,34,,Ball State,24,
1,Iowa State,29,21,UNI,26,
1,Boise State,36,,Florida State,31,
1,Ohio St. ,45,5,Florida Atlantic,21,
1,Maryland,79,,Howard,0,
1,Nebraska,35,24,South Alabama,21,
1,Illinois,42,,Akron,3,
1,Kentucky,38,,Toledo,24,
1,Ohio,41,,Rhode Island,20,
1,West Virginia,20,,James Madison,13,
1,Temple,56,,Bucknell,12,
1,Washington,47,13,Eastern Wash.,14,
1,Eastern Mich.,30,,Coastal Carolina,23,
1,North Carolina,24,,South Carolina,20,
1,Navy,45,,Holy Cross,7,
1,Alabama,42,2,Duke,3,
1,Penn St.,79,15,Idaho,7,
1,Georgia State,38,,Tennessee,30,
1,Air Force,48,,Colgate,7,
1,Appalachian St.,42,,ETSU,7,
1,Arkansas,20,,Portland State,13,
1,Boston College,35,,Virginia Tech,28,
1,Stanford,17,25,Northwestern,7,
1,Texas Tech,45,,Montana St.,10,
1,UTSA,35,,UIW,7,
1,Troy,43,,Campbell,14,
1,New Mexico,39,,Sam Houston St.,31,
1,Syracuse,24,22,Liberty,0,
1,Marshall,56,,VMI,17,
1,California,27,,UC Davis,13,
1,Northern Ill.,24,,Illinois State,10,
1,Old Dominion,24,,Norfolk State,21,
1,Western Mich.,48,,Monmouth,13,
1,Kansas St.,49,,Nicholls State,14,
1,Southern Miss,38,,Alcorn State,10,
1,SMU,37,,Arkansas State,30,
1,Baylor,56,,SFA,17,
1,Virginia,30,,Pittsburgh,14,
1,Wyoming,37,,Missouri,31,
1,Georgia,30,3,Vanderbilt,6,
1,LSU,55,6,Ga. Southern,3,
1,Michigan,40,7,Middle Tenn.,21,
1,North Texas,51,,Abilene Christian,31,
1,Auburn,27,16,Oregon,21,11
1,Iowa,38,20,Miami (Ohio),14,
1,TCU,39,,Ark.-Pine Bluff,7,
1,La.-Monroe,31,,Grambling,9,
1,Texas,45,10,Louisiana Tech,14,
1,UTEP,36,,Houston Baptist,34,
1,San Diego State,6,,Weber State,0,
1,Washington St.,58,23,New Mexico St.,7,
1,UNLV,56,,Southern Utah,23,
1,USC,31,,Fresno State,23,
1,Oklahoma,49,4,Houston,31,
1,Notre Dame,35,9,Louisville,17,
2,Virginia,52,,William & Mary,17,
2,Wake Forest,41,,Rice,21,
2,Boise State,14,24,Marshall,7,
2,Arizona St.,19,,Sacramento St.,7,
2,Pittsburgh,20,,Ohio,10,
2,Virginia Tech,31,,Old Dominion,17,
2,Iowa,30,20,Rutgers,0,
2,Kansas St.,52,,Bowling Green,0,
2,Missouri,38,,West Virginia,7,
2,Maryland,63,,Syracuse,20,21
2,Purdue,42,,Vanderbilt,24,
2,UAB,31,,Akron,20,
2,Kent State,26,,Kennesaw State,23,
2,South Carolina,72,,Charleston So.,10,
2,Ohio St. ,42,5,Cincinnati,0,
2,Michigan,24,7,Army West Point,21,
2,Memphis,55,,Southern Univ.,24,
2,NC State,41,,Western Caro.,0,
2,Utah,35,13,Northern Ill.,17,
2,Georgia Tech,14,,South Florida,10,
2,Ball State,57,,Fordham,29,
2,Miami (Ohio),48,,Tennessee Tech,17,
2,Mississippi St.,38,,Southern Miss,15,
2,Appalachian St.,56,,Charlotte,41,
2,Clemson,24,1,Texas A&M,10,12
2,Boston College,45,,Richmond,13,
2,Indiana,52,,Eastern Illinois,0,
2,Southern Ill.,45,,Massachusetts,20,
2,Colorado,34,,Nebraska,31,25
2,Wisconsin,61,17,Central Mich.,0,
2,Louisiana Tech,20,,Grambling,14,
2,Illinois,31,,UConn,23,
2,Baylor,63,,UTSA,14,
2,Colorado State,38,,Western Illinois,13,
2,Georgia,63,3,Murray State,17,
2,Alabama,62,2,New Mexico St.,10,
2,San Diego State,23,,UCLA,14,
2,Washington St.,59,22,Northern Colo.,17,
2,Florida State,45,,La.-Monroe,44,
2,Ga. Southern,26,,Maine,18,
2,East Carolina,48,,Gardner-Webb,9,
2,Duke,45,,N.C. A&T,13,
2,Coastal Carolina,12,,Kansas,7,
2,Louisville,42,,Eastern Kentucky,0,
2,Western Ky.,20,,FIU,14,
2,Wyoming,23,,Texas State,14,
2,Oklahoma State,56,,McNeese ,14,
2,UCF,48,18,Florida Atlantic,14,
2,Georgia State,48,,Furman,42,
2,South Alabama,37,,Jackson State,14,
2,BYU,29,,Tennessee,26,
2,SMU,49,,North Texas,27,
2,Middle Tenn.,45,,Tennessee State,26,
2,Oklahoma,70,4,South Dakota,14,
2,Ole Miss,31,,Arkansas,17,
2,Kentucky,38,,Eastern Mich.,17,
2,Utah State,62,,Stony Brook,7,
2,Louisiana,35,,Liberty,14,
2,LSU,45,6,Texas,38,9
2,Mich. St. ,51,19,Western Mich.,17,
2,Oregon,77,16,Nevada,6,
2,Penn St.,45,15,Buffalo,13,
2,Auburn,24,10,Tulane,6,
2,Florida,45,11,UT Martin,0,
2,Texas Tech,38,,UTEP,3,
2,Houston,37,,Prairie View A&M,17,
2,North Carolina,28,,Miami (Fla.),25,
2,Tulsa,34,,San Jose State,16,
2,Arkansas State,43,,UNLV,17,
2,Minnesota,38,,Fresno State,35,
2,USC,45,,Stanford,20,23
2,California,20,,Washington,19,14
2,Arizona,65,,Northern Ariz.,41,
2,Hawaii,31,,Oregon St.,28,
3,Wake Forest,24,,North Carolina,18,
3,Kansas,48,,Boston College,24,
3,Washington St.,31,20,Houston,24,
3,West Virginia,44,,NC State,27,
3,Kansas St.,31,,Mississippi St.,24,
3,Eastern Mich.,34,,Illinois,31,
3,Penn St.,17,13,Pittsburgh,10,
3,Virginia Tech,24,,Furman,17,
3,Tennessee,45,,Chattanooga,0,
3,Ohio St. ,51,6,Indiana,10,
3,Temple,20,,Maryland,17,21
3,Cincinnati,35,,Miami (Ohio),13,
3,Georgia,55,3,Arkansas State,0,
3,The Citadel,27,,Georgia Tech,24,
3,Air Force,30,,Colorado,23,
3,Florida Atlantic,41,,Ball State,31,
3,Coastal Carolina,46,,Norfolk State,7,
3,Notre Dame,66,7,New Mexico,14,
3,Central Mich.,45,,Akron,24,
3,Navy,42,,East Carolina,10,
3,BYU,30,,USC,27,24
3,Alabama,47,2,South Carolina,23,
3,Memphis,42,,South Alabama,6,
3,Oklahoma State,40,,Tulsa,21,
3,Minnesota,35,,Ga. Southern,32,
3,Northwestern,30,,UNLV,14,
3,Army West Point,31,,UTSA,13,
3,UCF,45,17,Stanford,27,
3,Miami (Fla.),63,,Bethune-Cookman,0,
3,Louisville,38,,Western Ky.,21,
3,Ole Miss,40,,Southeastern La.,29,
3,Iowa,18,19,Iowa State,17,
3,Arkansas,55,,Colorado State,34,
3,Arizona St.,10,,Mich. St. ,7,18
3,California,23,,North Texas,17,
3,Oregon St.,45,,Cal Poly,7,
3,Utah,31,11,Idaho State,0,
3,Wyoming,21,,Idaho,16,
3,Louisiana Tech,35,,Bowling Green,7,
3,Southern Miss,47,,Troy,42,
3,Charlotte,52,,Massachusetts,17,
3,South Florida,55,,S. Carolina St.,16,
3,Liberty,35,,Buffalo,17,
3,Marshall,33,,Ohio,31,
3,Auburn,55,8,Kent State,16,
3,Toledo,45,,Murray State,0,
3,Western Mich.,57,,Georgia State,10,
3,Florida,29,9,Kentucky,21,
3,Texas A&M,62,16,Lamar University,3,
3,SMU,47,,Texas State,17,
3,FIU,30,,New Hampshire,17,
3,Duke,41,,Middle Tenn.,18,
3,Nevada,19,,Weber State,13,
3,LSU,65,4,N'western St.,14,
3,Louisiana,77,,Texas Southern,6,
3,Missouri,50,,Southeast Mo. St.,0,
3,Clemson,41,1,Syracuse,6,
3,TCU,34,,Purdue,13,
3,Washington,52,23,Hawaii,20,
3,Virginia,31,25,Florida State,24,
3,Texas,48,12,Rice,13,
3,Oklahoma,48,5,UCLA,14,
3,Nebraska,44,,Northern Ill.,8,
3,San Diego State,31,,New Mexico St.,10,
3,Tulane,58,,Missouri State,6,
3,Boise State,45,22,Portland State,10,
3,Arizona,28,,Texas Tech,14,
3,Oregon,35,15,Montana,3,
4,Tulane,38,,Houston,31,
4,Louisiana Tech,43,,FIU,31,
4,USC,30,,Utah,23,10
4,Boise State,30,20,Air Force,19,
4,Army West Point,52,,Morgan State,21,
4,Florida,34,9,Tennessee,3,
4,Iowa State,72,,La.-Monroe,20,
4,Alabama,49,2,Southern Miss,7,
4,Wake Forest,49,,Elon,7,
4,Boston College,30,,Rutgers,16,
4,LSU,66,4,Vanderbilt,38,
4,Wisconsin,35,13,Michigan,14,11
4,California,28,23,Ole Miss,20,
4,Indiana,38,,UConn,3,
4,Syracuse,52,,Western Mich.,33,
4,Mich. St. ,31,,Northwestern,10,
4,Coastal Carolina,62,,Massachusetts,28,
4,Louisiana,45,,Ohio,25,
4,Eastern Mich.,34,,Cent. Conn. St.,29,
4,Troy,35,,Akron,7,
4,SMU,41,,TCU,38,25
4,Tulsa,24,,Wyoming,21,
4,Ohio St. ,76,6,Miami (Ohio),5,
4,Pittsburgh,35,,UCF,34,15
4,Washington,45,22,BYU,19,
4,Auburn,28,8,Texas A&M,20,17
4,Kent State,62,,Bowling Green,20,
4,Florida State,35,,Louisville,24,
4,Buffalo,38,,Temple,22,
4,Appalachian St.,34,,North Carolina,31,
4,UAB,35,,South Alabama,3,
4,Missouri,34,,South Carolina,14,
4,Miami (Fla.),17,,Central Mich.,12,
4,Mississippi St.,28,,Kentucky,13,
4,New Mexico,55,,New Mexico St.,52,
4,West Virginia,29,,Kansas,24,
4,Liberty,62,,Hampton,27,
4,East Carolina,19,,William & Mary,7,
4,Florida Atlantic,42,,Wagner,7,
4,NC State,34,,Ball State,23,
4,Oregon,21,16,Stanford,6,
4,Arkansas State,41,,Southern Ill.,28,
4,Virginia,28,21,Old Dominion,17,
4,Baylor,21,,Rice,13,
4,Texas State,37,,Georgia State,34,
4,North Texas,45,,UTSA,3,
4,Clemson,52,1,Charlotte,10,
4,Texas,36,12,Oklahoma State,30,
4,San Jose State,31,,Arkansas,24,
4,Nebraska,42,,Illinois,38,
4,Georgia,23,3,Notre Dame,17,7
4,Nevada,37,,UTEP,21,
4,Colorado,34,,Arizona St.,31,24
4,Fresno State,34,,Sacramento St.,20,
4,Toledo,41,,Colorado State,35,
4,Utah State,23,,San Diego State,17,
4,UCLA,67,,Washington St.,63,19
4,Hawaii,35,,Central Ark.,16,
5,Memphis,35,,Navy,23,
5,Duke,45,,Virginia Tech,10,
5,Penn St.,59,12,Maryland,0,
5,Air Force,41,,San Jose State,24,
5,Arizona St.,24,,California,17,15
5,Wisconsin,24,8,Northwestern,15,
5,Miami (Ohio),34,,Buffalo,20,
5,Michigan,52,20,Rutgers,0,
5,Toledo,28,,BYU,21,
5,Iowa,48,14,Middle Tenn.,3,
5,Oklahoma,55,6,Texas Tech,16,
5,Syracuse,41,,Holy Cross,3,
5,Vanderbilt,24,,Northern Ill.,18,
5,Western Mich.,31,,Central Mich.,15,
5,TCU,51,,Kansas,14,
5,Texas A&M,31,23,Arkansas,27,
5,Pittsburgh,17,,Delaware,14,
5,Baylor,23,,Iowa State,21,
5,Temple,24,,Georgia Tech,2,
5,Florida Atlantic,45,,Charlotte,27,
5,Mich. St. ,40,25,Indiana,31,
5,Minnesota,38,,Purdue,31,
5,Appalachian St.,56,,Coastal Carolina,37,
5,Notre Dame,35,10,Virginia,20,18
5,Alabama,59,2,Ole Miss,31,
5,Wake Forest,27,,Boston College,24,
5,Clemson,21,1,North Carolina,20,
5,Washington,28,17,USC,14,21
5,Massachusetts,37,,Akron,29,
5,SMU,48,,South Florida,21,
5,Florida,38,9,Towson,0,
5,Cincinnati,52,,Marshall,14,
5,Arkansas State,50,,Troy,43,
5,Liberty,17,,New Mexico,10,
5,Louisiana,37,,Ga. Southern,24,
5,East Carolina,24,,Old Dominion,21,
5,Texas State,24,,Nicholls State,3,
5,Southern Miss,31,,UTEP,13,
5,UCF,56,22,UConn,21,
5,Oklahoma State,26,,Kansas St.,13,24
5,Louisiana Tech,23,,Rice,20,
5,Western Ky.,20,,UAB,13,
5,Stanford,31,,Oregon St.,28,
5,La.-Monroe,30,,South Alabama,17,
5,Auburn,56,7,Mississippi St.,23,
5,Ohio St. ,48,5,Nebraska,7,
5,South Carolina,24,,Kentucky,7,
5,Utah State,34,,Colorado State,24,
5,Florida State,31,,NC State,13,
5,Fresno State,30,,New Mexico St.,17,
5,Houston,46,,North Texas,25,
5,Wyoming,53,,UNLV,17,
5,Utah,38,19,Washington St.,13,
5,Hawaii,54,,Nevada,3,
5,Arizona,20,,UCLA,17,
6,Ga. Southern,20,,South Alabama,17,
6,Temple,27,,East Carolina,17,
6,Cincinnati,27,,UCF,24,18
6,San Jose State,32,,New Mexico,21,
6,Oklahoma,45,6,Kansas,20,
6,Wisconsin,48,8,Kent State,0,
6,Michigan,10,19,Iowa,3,14
6,LSU,42,5,Utah State,6,
6,Texas Tech,45,,Oklahoma State,35,21
6,South Florida,48,,UConn,22,
6,Maryland,48,,Rutgers,7,
6,Tulane,42,,Army West Point,33,
6,Penn St.,35,12,Purdue,7,
6,Louisville,41,,Boston College,39,
6,Iowa State,49,,TCU,24,
6,Central Mich.,42,,Eastern Mich.,16,
6,Ohio,21,,Buffalo,20,
6,Georgia State,52,,Arkansas State,38,
6,Baylor,31,,Kansas St.,12,
6,Ball State,27,,Northern Ill.,20,
6,Navy,34,,Air Force,25,
6,Toledo,31,,Western Mich.,24,
6,Florida,24,10,Auburn,13,7
6,Texas,42,11,West Virginia,31,
6,Notre Dame,52,9,Bowling Green,0,
6,Minnesota,40,,Illinois,17,
6,Middle Tenn.,24,,Marshall,13,
6,Virginia Tech,42,,Miami (Fla.),35,
6,Memphis,52,,La.-Monroe,33,
6,North Carolina,38,,Georgia Tech,22,
6,Nebraska,13,,Northwestern,10,
6,Missouri,42,,Troy,10,
6,Arizona,35,,Colorado,30,
6,Western Ky.,20,,Old Dominion,3,
6,FIU,44,,Massachusetts,0,
6,UAB,35,,Rice,20,
6,Georgia,43,3,Tennessee,14,
6,Ole Miss,31,,Vanderbilt,6,
6,Ohio St. ,34,4,Mich. St. ,10,25
6,SMU,43,24,Tulsa,37,
6,Pittsburgh,33,,Duke,30,
6,UTSA,26,,UTEP,16,
6,Oregon,17,13,California,7,
6,Liberty,20,,New Mexico St.,13,
6,Oregon St.,48,,UCLA,31,
6,San Diego State,24,,Colorado State,10,
6,Boise State,38,16,UNLV,13,
6,Stanford,23,,Washington,13,15
7,Appalachian St.,17,,Louisiana,7,
7,NC State,16,,Syracuse,10,
7,La.-Monroe,24,,Texas State,14,
7,Colorado State,35,,New Mexico,21,
7,Miami (Fla.),17,,Virginia,9,20
7,Oregon,45,13,Colorado,3,
7,South Carolina,20,,Georgia,17,3
7,Western Mich.,38,,Miami (Ohio),16,
7,Oklahoma,34,6,Texas,27,11
7,Michigan,42,16,Illinois,25,
7,Bowling Green,20,,Toledo,7,
7,Tennessee,20,,Mississippi St.,10,
7,Temple,30,,Memphis,28,23
7,Indiana,35,,Rutgers,0,
7,Purdue,40,,Maryland,14,
7,Duke,41,,Georgia Tech,23,
7,Ball State,29,,Eastern Mich.,23,
7,Marshall,31,,Old Dominion,17,
7,Central Mich.,42,,New Mexico St.,28,
7,South Florida,27,,BYU,23,
7,Clemson,45,2,Florida State,14,
7,Northern Ill.,39,,Ohio,36,
7,Cincinnati,38,25,Houston,23,
7,Wisconsin,38,8,Mich. St. ,0,
7,Alabama,47,1,Texas A&M,28,24
7,Arizona St.,38,18,Washington St.,34,
7,Kent State,26,,Akron,3,
7,Tulane,49,,UConn,7,
7,Baylor,33,22,Texas Tech,30,
7,Iowa State,38,,West Virginia,14,
7,Virginia Tech,34,,Rhode Island,17,
7,UNLV,34,,Vanderbilt,10,
7,Nevada,41,,San Jose State,38,
7,Florida Atlantic,28,,Middle Tenn.,13,
7,Georgia State,31,,Coastal Carolina,21,
7,UAB,33,,UTSA,14,
7,Southern Miss,45,,North Texas,27,
7,Louisiana Tech,69,,Massachusetts,21,
7,Western Ky.,17,,Army West Point,8,
7,Air Force,43,,Fresno State,24,
7,FIU,48,,Charlotte,23,
7,Missouri,38,,Ole Miss,27,
7,Notre Dame,30,9,USC,27,
7,Kentucky,24,,Arkansas,20,
7,Louisville,62,,Wake Forest,59,19
7,Navy,45,,Tulsa,17,
7,Minnesota,34,,Nebraska,7,
7,Penn St.,17,10,Iowa,12,17
7,Utah,52,15,Oregon St.,7,
7,LSU,42,5,Florida,28,7
7,Boise State,59,14,Hawaii,37,
7,San Diego State,26,,Wyoming,22,
7,Washington,51,,Arizona,27,
8,Troy,37,,South Alabama,13,
8,Louisiana,37,,Arkansas State,20,
8,UCLA,34,,Stanford,16,
8,Marshall,36,,Florida Atlantic,31,
8,Pittsburgh,27,,Syracuse,20,
8,Ohio St. ,52,4,Northwestern,3,
8,Fresno State,56,,UNLV,27,
8,Auburn,51,11,Arkansas,10,
8,Florida,38,9,South Carolina,27,
8,Georgia Tech,28,,Miami (Fla.),21,
8,Oklahoma,52,5,West Virginia,14,
8,Clemson,45,3,Louisville,10,
8,Iowa,26,23,Purdue,20,
8,Iowa State,34,,Texas Tech,24,
8,Illinois,24,,Wisconsin,23,6
8,Houston,24,,UConn,17,
8,Ohio,45,,Kent State,38,
8,Boston College,45,,NC State,24,
8,Central Mich.,38,,Bowling Green,20,
8,Ball State,52,,Toledo,14,
8,Kansas St.,24,,TCU,17,
8,Oregon St.,21,,California,17,
8,Miami (Ohio),27,,Northern Ill.,24,
8,Ga. Southern,30,,Coastal Carolina,27,
8,Wyoming,23,,New Mexico,10,
8,Navy,35,,South Florida,3,
8,Virginia,48,,Duke,14,
8,LSU,36,2,Mississippi St.,13,
8,Cincinnati,24,21,Tulsa,13,
8,Virginia Tech,43,,North Carolina,41,
8,SMU,45,19,Temple,21,
8,Louisiana Tech,45,,Southern Miss,30,
8,Appalachian St.,52,24,La.-Monroe,7,
8,Oregon,35,12,Washington,31,25
8,Indiana,34,,Maryland,28,
8,Buffalo,21,,Akron,0,
8,Minnesota,42,20,Rutgers,7,
8,Vanderbilt,21,,Missouri,14,22
8,UAB,38,,Old Dominion,14,
8,North Texas,33,,Middle Tenn.,30,
8,Baylor,45,18,Oklahoma State,27,
8,Western Ky.,30,,Charlotte,14,
8,Utah,21,13,Arizona St.,3,17
8,UTSA,31,,Rice,27,
8,Liberty,59,,Maine,44,
8,Georgia,21,10,Kentucky,0,
8,Washington St.,41,,Colorado,10,
8,Memphis,47,,Tulane,17,
8,Eastern Mich.,34,,Western Mich.,27,
8,Georgia State,28,,Army West Point,21,
8,FIU,32,,UTEP,17,
8,Texas,50,15,Kansas,48,
8,San Diego State,27,,San Jose State,17,
8,UCF,41,,East Carolina,28,
8,Wake Forest,22,,Florida State,20,
8,Texas A&M,24,,Ole Miss,17,
8,Penn St.,28,7,Michigan,21,16
8,Alabama,35,1,Tennessee,13,
8,USC,41,,Arizona,14,
8,Utah State,36,,Nevada,10,
8,BYU,28,,Boise State,25,14
8,Air Force,56,,Hawaii,26,
9,SMU,34,16,Houston,31,
9,USC,35,,Colorado,31,
9,Ohio St. ,38,3,Wisconsin,7,13
9,Iowa,20,20,Northwestern,0,
9,Texas A&M,49,,Mississippi St.,30,
9,Miami (Fla.),16,,Pittsburgh,12,
9,Illinois,24,,Purdue,6,
9,Rutgers,44,,Liberty,34,
9,Kansas St.,48,,Oklahoma,41,5
9,San Jose State,34,,Army West Point,29,
9,Western Mich.,49,,Bowling Green,10,
9,Appalachian St.,30,21,South Alabama,3,
9,Southern Miss,20,,Rice,6,
9,Wyoming,31,,Nevada,3,
9,Ohio,34,,Ball State,21,
9,Marshall,26,,Western Ky.,23,
9,Ga. Southern,41,,New Mexico St.,7,
9,Minnesota,52,17,Maryland,10,
9,Navy,41,,Tulane,38,
9,UConn,56,,Massachusetts,35,
9,Florida Atlantic,41,,Old Dominion,3,
9,Indiana,38,,Nebraska,31,
9,Louisville,28,,Virginia,21,
9,Charlotte,39,,North Texas,38,
9,Middle Tenn.,50,,FIU,17,
9,Oklahoma State,34,,Iowa State,27,23
9,Penn St.,28,6,Mich. St. ,7,
9,LSU,23,2,Auburn,20,9
9,TCU,37,,Texas,27,15
9,Toledo,37,,Eastern Mich.,34,
9,Buffalo,43,,Central Mich.,20,
9,Northern Ill.,49,,Akron,0,
9,Miami (Ohio),23,,Kent State,16,
9,Florida State,35,,Syracuse,17,
9,Stanford,41,,Arizona,31,
9,South Florida,45,,East Carolina,20,
9,North Carolina,20,,Duke,17,
9,Tennessee,41,,South Carolina,21,
9,Hawaii,45,,New Mexico,31,
9,Georgia State,52,,Troy,33,
9,UCF,63,,Temple,21,
9,Kansas,37,,Texas Tech,34,
9,Arkansas State,38,,Texas State,14,
9,Memphis,42,,Tulsa,41,
9,Alabama,48,1,Arkansas,7,
9,Kentucky,29,,Missouri,7,
9,UCLA,42,,Arizona St.,32,24
9,Colorado State,41,,Fresno State,31,
9,Michigan,45,19,Notre Dame,14,8
9,Clemson,59,4,Boston College,7,
9,Louisiana Tech,42,,UTEP,21,
9,Utah,35,12,California,0,
9,Air Force,31,,Utah State,7,
9,Oregon,37,11,Washington St.,35,
9,San Diego State,20,,UNLV,17,
10,Baylor,17,12,West Virginia,14,
10,Ga. Southern,24,,Appalachian St.,21,20
10,Navy,56,,UConn,10,
10,Buffalo,43,,Eastern Mich.,14,
10,Central Mich.,48,,Northern Ill.,10,
10,UCF,44,,Houston,29,
10,FIU,24,,Old Dominion,17,
10,Michigan,38,14,Maryland,7,
10,Texas A&M,45,,UTSA,14,
10,Boston College,58,,Syracuse,27,
10,Purdue,31,,Nebraska,27,
10,Wake Forest,44,23,NC State,10,
10,Liberty,63,,Massachusetts,21,
10,Bowling Green,35,,Akron,6,
10,Notre Dame,21,16,Virginia Tech,20,
10,Coastal Carolina,36,,Troy,35,
10,Charlotte,34,,Middle Tenn.,20,
10,North Texas,52,,UTEP,26,
10,Georgia,24,8,Florida,17,6
10,Colorado State,37,,UNLV,17,
10,Arkansas State,48,,La.-Monroe,41,
10,Miami (Fla.),27,,Florida State,10,
10,Kansas St.,38,22,Kansas,10,
10,Marshall,20,,Rice,7,
10,Oklahoma State,34,,TCU,27,
10,Illinois,38,,Rutgers,10,
10,Air Force,17,,Army West Point,13,
10,Tulane,38,,Tulsa,26,
10,Clemson,59,4,Wofford,14,
10,Utah,33,9,Washington,28,
10,Pittsburgh,20,,Georgia Tech,10,
10,Florida Atlantic,35,,Western Ky.,24,
10,Mississippi St.,54,,Arkansas,24,
10,Oregon St.,56,,Arizona,38,
10,Louisiana,31,,Texas State,3,
10,Indiana,34,,Northwestern,3,
10,Tennessee,30,,UAB,7,
10,Cincinnati,46,17,East Carolina,43,
10,Auburn,20,11,Ole Miss,14,
10,Virginia,38,,North Carolina,31,
10,South Carolina,24,,Vanderbilt,7,
10,Memphis,54,24,SMU,48,15
10,Oregon,56,7,USC,24,
10,UCLA,31,,Colorado,14,
10,BYU,42,,Utah State,14,
10,Boise State,52,21,San Jose State,42,
10,Nevada,21,,New Mexico,10,
10,Fresno State,41,,Hawaii,38,
11,Toledo,35,,Kent State,33,
11,Western Mich.,35,,Ball State,31,
11,Miami (Ohio),24,,Ohio,21,
11,Louisiana,48,,Coastal Carolina,7,
11,Temple,17,,South Florida,7,
11,Tulsa,34,,UCF,31,
11,Washington,19,,Oregon St.,7,
11,Minnesota,31,17,Penn St.,26,4
11,Purdue,24,,Northwestern,22,
11,Ohio St. ,73,1,Maryland,14,
11,Florida State,38,,Boston College,31,
11,SMU,59,25,East Carolina,51,
11,Florida,56,10,Vanderbilt,0,
11,Army West Point,63,,Massachusetts,7,
11,Western Ky.,45,,Arkansas,19,
11,Texas Tech,38,,West Virginia,17,
11,Baylor,29,12,TCU,23,
11,Virginia,33,,Georgia Tech,28,
11,UTSA,24,,Old Dominion,23,
11,Charlotte,28,,UTEP,21,
11,Texas State,30,,South Alabama,28,
11,Colorado,16,,Stanford,13,
11,Miami (Fla.),52,,Louisville,27,
11,Cincinnati,48,20,UConn,3,
11,Virginia Tech,36,,Wake Forest,17,19
11,Troy,49,,Ga. Southern,28,
11,Southern Miss,37,,UAB,2,
11,Texas,27,,Kansas St.,24,16
11,Illinois,37,,Mich. St. ,34,
11,LSU,46,2,Alabama,41,3
11,USC,31,,Arizona St.,26,
11,Louisiana Tech,52,,North Texas,17,
11,Ole Miss,41,,New Mexico St.,3,
11,Wisconsin,24,13,Iowa,22,18
11,La.-Monroe,45,,Georgia State,31,
11,Florida Atlantic,37,,FIU,7,
11,Utah State,37,,Fresno State,35,
11,California,33,,Washington St.,20,
11,Georgia,27,6,Missouri,0,
11,Appalachian St.,20,,South Carolina,15,
11,Clemson,55,5,NC State,10,
11,Notre Dame,38,15,Duke,7,
11,Tennessee,17,,Kentucky,13,
11,BYU,31,,Liberty,24,
11,Oklahoma,42,9,Iowa State,41,
11,Boise State,20,22,Wyoming,17,
11,Nevada,17,,San Diego State,13,
11,Hawaii,42,,San Jose State,40,
12,Eastern Mich.,42,,Akron,14,
12,Western Mich.,37,,Ohio,34,
12,Miami (Ohio),44,,Bowling Green,3,
12,Northern Ill.,31,,Toledo,28,
12,Kent State,30,,Buffalo,27,
12,Pittsburgh,34,,North Carolina,27,
12,Marshall,31,,Louisiana Tech,10,
12,San Diego State,17,,Fresno State,7,
12,Alabama,38,5,Mississippi St.,7,
12,Oklahoma State,31,22,Kansas,13,
12,Temple,29,,Tulane,21,
12,Michigan,44,15,Mich. St. ,10,
12,TCU,33,,Texas Tech,31,
12,Florida State,49,,Alabama State,12,
12,Penn St.,34,9,Indiana,27,
12,Northwestern,45,,Massachusetts,6,
12,Army West Point,47,,VMI,6,
12,Wisconsin,37,14,Nebraska,21,
12,Florida,23,11,Missouri,6,
12,UAB,37,,UTEP,10,
12,Notre Dame,52,16,Navy,20,23
12,Arkansas State,28,,Coastal Carolina,27,
12,Troy,63,,Texas State,27,
12,Ga. Southern,51,,La.-Monroe,29,
12,BYU,42,,Idaho State,10,
12,Central Mich.,45,,Ball State,44,
12,Virginia Tech,45,,Georgia Tech,0,
12,Georgia,21,4,Auburn,14,12
12,Kentucky,38,,Vanderbilt,14,
12,Clemson,52,3,Wake Forest,3,
12,Iowa State,23,,Texas,21,19
12,Memphis,45,18,Houston,27,
12,Ohio St. ,56,2,Rutgers,21,
12,West Virginia,24,,Kansas St.,20,24
12,Utah State,26,,Wyoming,21,
12,Hawaii,21,,UNLV,7,
12,New Mexico St.,41,,UIW,28,
12,Iowa,23,20,Minnesota,19,8
12,Syracuse,49,,Duke,6,
12,Rice,31,,Middle Tenn.,28,
12,Washington St.,49,,Stanford,22,
12,Louisiana,37,,South Alabama,27,
12,Southern Miss,36,,UTSA,17,
12,Cincinnati,20,17,South Florida,17,
12,Air Force,38,,Colorado State,21,
12,LSU,58,1,Ole Miss,37,
12,Appalachian St.,56,25,Georgia State,27,
12,Oklahoma,34,10,Baylor,31,13
12,Louisville,34,,NC State,20,
12,Texas A&M,30,,South Carolina,6,
12,Oregon St.,35,,Arizona St.,34,
12,Utah,49,7,UCLA,3,
12,Boise State,42,21,New Mexico,9,
12,Oregon,34,6,Arizona,6,
12,USC,41,,California,17,
13,Ohio,66,,Bowling Green,24,
13,Eastern Mich.,45,,Northern Ill.,17,
13,Buffalo,49,,Toledo,30,
13,Miami (OH),20,,Akron,17,
13,Georgia Tech,28,,NC State,26,
13,Wyoming,17,,Colorado St.,7,
13,Ohio St.,28,2,Penn St.,17,8
13,East Carolina,31,,UConn,24,
13,Minnesota,38,10,Northwestern,22,
13,Auburn,52,15,Samford,0,
13,Iowa,19,17,Illinois,10,
13,Michigan St.,27,,Rutgers,0,
13,Iowa St.,41,22,Kansas,31,
13,UCF,34,,Tulane,31,
13,BYU,56,,Massachusetts,24,
13,Oklahoma St.,20,21,West Virginia,13,
13,Alabama,66,5,Western Caro.,3,
13,Kent St.,41,,Ball St.,38,
13,Virginia,55,,Liberty,27,
13,Air Force,44,,New Mexico,22,
13,Georgia St.,28,,South Alabama,15,
13,Notre Dame,40,16,Boston College,7,
13,Appalachian St.,35,24,Texas St.,13,
13,Arkansas St.,38,,Ga. Southern,33,
13,Kentucky,50,,UT Martin,7,
13,UAB,20,,Louisiana Tech,14,
13,Navy,35,,SMU,28,25
13,Baylor,24,14,Texas,10,
13,North Carolina,56,,Mercer,7,
13,Vanderbilt,38,,ETSU,0,
13,Charlotte,24,,Marshall,13,
13,Nebraska,54,,Maryland,7,
13,Western Ky.,28,,Southern Miss.,10,
13,Rice,20,,North Texas,14,
13,Michigan,39,13,Indiana,14,
13,Virginia Tech,28,,Pittsburgh,0,
13,Georgia,19,4,Texas A&M,13,
13,Southern California,52,23,UCLA,35,
13,Memphis,49,18,South Fla.,10,
13,Wisconsin,45,12,Purdue,24,
13,UNLV,38,,San Jose St.,35,
13,California,24,,Stanford,20,
13,Louisville,56,,Syracuse,34,
13,New Mexico St.,44,,UTEP,35,
13,Middle Tenn.,38,,Old Dominion,17,
13,Louisiana,53,,Troy,3,
13,La.-Monroe,45,,Coastal Carolina,42,
13,Fla. Atlantic,40,,UTSA,26,
13,Cincinnati,15,19,Temple,13,
13,FIU,30,,Miami (FL),24,
13,LSU,56,1,Arkansas,20,
13,Kansas St.,30,,Texas Tech,27,
13,Houston,24,,Tulsa,14,
13,Tennessee,24,,Missouri,20,
13,Mississippi St.,45,,Abilene Christian,7,
13,Wake Forest,39,,Duke,27,
13,Arizona St.,31,,Oregon,28,6
13,Oklahoma,28,9,TCU,24,
13,Washington St.,54,,Oregon St.,53,
13,Colorado,20,,Washington,14,
13,Utah,35,7,Arizona,7,
13,Nevada,35,,Fresno St.,28,
13,Boise St.,56,20,Utah St.,21,
13,Hawaii,14,,San Diego St.,11,
14,Ohio,52,,Akron,3,
14,Northern Ill.,17,,Western Mich.,14,
14,Mississippi St.,21,,Ole Miss,20,
14,Central Mich.,49,,Toledo,7,
14,Virginia,39,,Virginia Tech,30,24
14,Texas,49,,Texas Tech,24,
14,Ball St.,41,,Miami (OH),27,
14,Buffalo,49,,Bowling Green,7,
14,Kent St.,34,,Eastern Mich.,26,
14,Missouri,24,,Arkansas,14,
14,Iowa,27,17,Nebraska,24,
14,Boise St.,31,20,Colorado St.,24,
14,Memphis,34,18,Cincinnati,24,19
14,Washington,31,,Washington St.,13,
14,West Virginia,20,,TCU,17,
14,South Alabama,34,,Arkansas St.,30,
14,Appalachian St.,48,25,Troy,13,
14,UCF,34,,South Fla.,7,
14,Kentucky,45,,Louisville,13,
14,Indiana,44,,Purdue,41,
14,Tulsa,49,,East Carolina,24,
14,Marshall,30,,FIU,27,
14,Clemson,38,3,South Carolina,3,
14,Ohio St.,56,1,Michigan,27,13
14,Northwestern,29,,Illinois,10,
14,Georgia,52,4,Georgia Tech,7,
14,Coastal Carolina,24,,Texas St.,21,
14,Syracuse,39,,Wake Forest,30,
14,Liberty,49,,New Mexico St.,28,
14,Air Force,20,,Wyoming,6,
14,Charlotte,38,,Old Dominion,22,
14,Western Ky.,31,,Middle Tenn.,26,
14,Rice,30,,UTEP,16,
14,UNLV,33,,Nevada,30,
14,Temple,49,,UConn,17,
14,Michigan St.,19,,Maryland,16,
14,Boston College,26,,Pittsburgh,19,
14,Louisiana Tech,41,,UTSA,27,
14,Penn St.,27,10,Rutgers,6,
14,Duke,27,,Miami (FL),17,
14,Baylor,61,9,Kansas,6,
14,Auburn,48,15,Alabama,45,5
14,Fla. Atlantic,34,,Southern Miss.,17,
14,Wisconsin,38,12,Minnesota,17,8
14,Tennessee,28,,Vanderbilt,10,
14,Oregon,24,14,Oregon St.,10,
14,Notre Dame,45,16,Stanford,24,
14,Utah St.,38,,New Mexico,25,
14,UAB,26,,North Texas,21,
14,SMU,37,,Tulane,20,
14,Ga. Southern,38,,Georgia St.,10,
14,LSU,50,2,Texas A&M,7,
14,North Carolina,41,,NC State,10,
14,Kansas St.,27,,Iowa St.,17,23
14,Navy,56,,Houston,41,
14,Florida,40,11,Florida St.,17,
14,Utah,45,6,Colorado,15,
14,Louisiana,31,,La.-Monroe,30,
14,Oklahoma,34,7,Oklahoma St.,16,21
14,San Diego St.,13,,BYU,3,
14,Arizona St.,24,,Arizona,14,
14,California,28,,UCLA,18,
14,San Jose St.,17,,Fresno St.,16,
14,Hawaii,52,,Army West Point,31,
